หมายเลขรูป,ชื่อไฟล์เดิม (ในโฟลเดอร์ Picture),ชื่อไฟล์ในเว็บไซต์
001,S__26632241_0.jpg,assets/couple/001.jpg
002,S__26632242_0.jpg,assets/couple/002.jpg
003,S__26632243_0.jpg,assets/couple/003.jpg
004,S__26632244_0.jpg,assets/couple/004.jpg
005,S__26632245_0.jpg,assets/couple/005.jpg
006,S__26632246_0.jpg,assets/couple/006.jpg
007,S__26632247_0.jpg,assets/couple/007.jpg
008,S__26632248_0.jpg,assets/couple/008.jpg
009,S__26632249_0.jpg,assets/couple/009.jpg
010,S__26632251_0.jpg,assets/couple/010.jpg
011,S__26632252_0.jpg,assets/couple/011.jpg
012,S__26632253_0.jpg,assets/couple/012.jpg
013,S__26632254_0.jpg,assets/couple/013.jpg
014,S__26632256_0.jpg,assets/couple/014.jpg
015,S__26632257_0.jpg,assets/couple/015.jpg
016,S__26632258_0.jpg,assets/couple/016.jpg
017,S__26632259_0.jpg,assets/couple/017.jpg
018,S__26632260_0.jpg,assets/couple/018.jpg
019,S__26632261_0.jpg,assets/couple/019.jpg
